Section,Case_ID,Priority,Purpose,Workload_Label,addr_mode,read_ratio,scheduling_mode,seed,num_transactions,cmds_per_transaction,read_cam_depth,write_cam_depth,link_node_count,batch_timeout_cycles,max_postpone_credits,mapping_id,write_data_ready_delay,write_data_buffer_depth,interaction,Latency_Contract,RTL_total_cycles,RTL_efficiency,RTL_write_lat_avg_cyc,RTL_write_lat_P99_cyc,RTL_read_lat_avg_cyc,RTL_read_lat_P99_cyc,RTL_ACT,RTL_RD,RTL_WR,RTL_PRE,RTL_REFpb,RTL_row_hit_pct,RTL_CAM_occ_avg,RTL_CAM_occ_P95,RTL_link_occ_peak,RTL_RW_switch_count,RTL_refresh_critical_count,MODEL_total_cycles,MODEL_efficiency,MODEL_write_lat_avg_cyc,MODEL_write_lat_P99_cyc,MODEL_read_lat_avg_cyc,MODEL_read_lat_P99_cyc,MODEL_ACT,MODEL_RD,MODEL_WR,MODEL_PRE,MODEL_REFpb,MODEL_row_hit_pct,MODEL_CAM_occ_avg,MODEL_CAM_occ_P95,MODEL_link_occ_peak,MODEL_RW_switch_count,MODEL_refresh_critical_count,CALC_total_cycles_abs_error_pct,CALC_efficiency_abs_error_pct,CALC_write_lat_avg_abs_error_pct,CALC_write_lat_P99_abs_error_pct,CALC_read_lat_avg_abs_error_pct,CALC_read_lat_P99_abs_error_pct,CALC_RTL_ACT_per_COL,CALC_MODEL_ACT_per_COL,Can_Infer,Interpretation_Rule,Run_Status,Notes
Baseline,B01,P0,纯读线性基线,Linear_R100,linear,1.0,batch_4state,42,10000,4,32,32,192,800,8,DEFAULT,3,128,,RTL写延迟=AW->B（沿用实际仿真现有口径）；MODEL写延迟=对应命令产生->write data完成写入（按模型完成事件定义）；RTL读延迟=AR->R（沿用实际仿真现有口径，Burst时first/last R按原仿真脚本定义保持不变）；MODEL读延迟=对应读命令产生->对应link node释放。,,,,,,,,,,,,,,,,,,,,,,,,,,,,,,,,,,,"=IF(OR(V2="""",AM2="""",V2=0),"""",ABS(AM2-V2)/V2*100)","=IF(OR(W2="""",AN2="""",W2=0),"""",ABS(AN2-W2)/W2*100)","=IF(OR(X2="""",AO2="""",X2=0),"""",ABS(AO2-X2)/X2*100)","=IF(OR(Y2="""",AP2="""",Y2=0),"""",ABS(AP2-Y2)/Y2*100)","=IF(OR(Z2="""",AQ2="""",Z2=0),"""",ABS(AQ2-Z2)/Z2*100)","=IF(OR(AA2="""",AR2="""",AA2=0),"""",ABS(AR2-AA2)/AA2*100)","=IF((AC2+AD2)=0,"""",AB2/(AC2+AD2))","=IF((AT2+AU2)=0,"""",AS2/(AT2+AU2))",建立RTL↔Model基础相关性；区分linear/random、纯R/纯W、50/50 R/W下模型误差是否系统性偏大。,若各类workload的efficiency/total_cycles误差均小且无明显偏置，说明模型抓住主要timing/scheduling机制；若random或50/50误差显著放大，优先检查mapping/row-locality/RW-turnaround/可见性抽象。,TODO,纯读case：write latency列留空是正常的
Baseline,B02,P0,纯写线性基线,Linear_W100,linear,0.0,batch_4state,42,10000,4,32,32,192,800,8,DEFAULT,3,128,,RTL写延迟=AW->B（沿用实际仿真现有口径）；MODEL写延迟=对应命令产生->write data完成写入（按模型完成事件定义）；RTL读延迟=AR->R（沿用实际仿真现有口径，Burst时first/last R按原仿真脚本定义保持不变）；MODEL读延迟=对应读命令产生->对应link node释放。,,,,,,,,,,,,,,,,,,,,,,,,,,,,,,,,,,,"=IF(OR(V3="""",AM3="""",V3=0),"""",ABS(AM3-V3)/V3*100)","=IF(OR(W3="""",AN3="""",W3=0),"""",ABS(AN3-W3)/W3*100)","=IF(OR(X3="""",AO3="""",X3=0),"""",ABS(AO3-X3)/X3*100)","=IF(OR(Y3="""",AP3="""",Y3=0),"""",ABS(AP3-Y3)/Y3*100)","=IF(OR(Z3="""",AQ3="""",Z3=0),"""",ABS(AQ3-Z3)/Z3*100)","=IF(OR(AA3="""",AR3="""",AA3=0),"""",ABS(AR3-AA3)/AA3*100)","=IF((AC3+AD3)=0,"""",AB3/(AC3+AD3))","=IF((AT3+AU3)=0,"""",AS3/(AT3+AU3))",建立RTL↔Model基础相关性；区分linear/random、纯R/纯W、50/50 R/W下模型误差是否系统性偏大。,若各类workload的efficiency/total_cycles误差均小且无明显偏置，说明模型抓住主要timing/scheduling机制；若random或50/50误差显著放大，优先检查mapping/row-locality/RW-turnaround/可见性抽象。,TODO,纯写case：read latency列留空是正常的
Baseline,B03,P0,50/50线性+batch,Linear_RW50_Batch,linear,0.5,batch_4state,42,10000,4,32,32,192,800,8,DEFAULT,3,128,,RTL写延迟=AW->B（沿用实际仿真现有口径）；MODEL写延迟=对应命令产生->write data完成写入（按模型完成事件定义）；RTL读延迟=AR->R（沿用实际仿真现有口径，Burst时first/last R按原仿真脚本定义保持不变）；MODEL读延迟=对应读命令产生->对应link node释放。,,,,,,,,,,,,,,,,,,,,,,,,,,,,,,,,,,,"=IF(OR(V4="""",AM4="""",V4=0),"""",ABS(AM4-V4)/V4*100)","=IF(OR(W4="""",AN4="""",W4=0),"""",ABS(AN4-W4)/W4*100)","=IF(OR(X4="""",AO4="""",X4=0),"""",ABS(AO4-X4)/X4*100)","=IF(OR(Y4="""",AP4="""",Y4=0),"""",ABS(AP4-Y4)/Y4*100)","=IF(OR(Z4="""",AQ4="""",Z4=0),"""",ABS(AQ4-Z4)/Z4*100)","=IF(OR(AA4="""",AR4="""",AA4=0),"""",ABS(AR4-AA4)/AA4*100)","=IF((AC4+AD4)=0,"""",AB4/(AC4+AD4))","=IF((AT4+AU4)=0,"""",AS4/(AT4+AU4))",建立RTL↔Model基础相关性；区分linear/random、纯R/纯W、50/50 R/W下模型误差是否系统性偏大。,若各类workload的efficiency/total_cycles误差均小且无明显偏置，说明模型抓住主要timing/scheduling机制；若random或50/50误差显著放大，优先检查mapping/row-locality/RW-turnaround/可见性抽象。,TODO,
Baseline,B04,P0,50/50线性+alternating,Linear_RW50_Alt,linear,0.5,alternating,42,10000,4,32,32,192,800,8,DEFAULT,3,128,,RTL写延迟=AW->B（沿用实际仿真现有口径）；MODEL写延迟=对应命令产生->write data完成写入（按模型完成事件定义）；RTL读延迟=AR->R（沿用实际仿真现有口径，Burst时first/last R按原仿真脚本定义保持不变）；MODEL读延迟=对应读命令产生->对应link node释放。,,,,,,,,,,,,,,,,,,,,,,,,,,,,,,,,,,,"=IF(OR(V5="""",AM5="""",V5=0),"""",ABS(AM5-V5)/V5*100)","=IF(OR(W5="""",AN5="""",W5=0),"""",ABS(AN5-W5)/W5*100)","=IF(OR(X5="""",AO5="""",X5=0),"""",ABS(AO5-X5)/X5*100)","=IF(OR(Y5="""",AP5="""",Y5=0),"""",ABS(AP5-Y5)/Y5*100)","=IF(OR(Z5="""",AQ5="""",Z5=0),"""",ABS(AQ5-Z5)/Z5*100)","=IF(OR(AA5="""",AR5="""",AA5=0),"""",ABS(AR5-AA5)/AA5*100)","=IF((AC5+AD5)=0,"""",AB5/(AC5+AD5))","=IF((AT5+AU5)=0,"""",AS5/(AT5+AU5))",建立RTL↔Model基础相关性；区分linear/random、纯R/纯W、50/50 R/W下模型误差是否系统性偏大。,若各类workload的efficiency/total_cycles误差均小且无明显偏置，说明模型抓住主要timing/scheduling机制；若random或50/50误差显著放大，优先检查mapping/row-locality/RW-turnaround/可见性抽象。,TODO,
Baseline,B05,P0,纯读随机基线,Random_R100,random,1.0,batch_4state,42,10000,4,32,32,192,800,8,DEFAULT,3,128,,RTL写延迟=AW->B（沿用实际仿真现有口径）；MODEL写延迟=对应命令产生->write data完成写入（按模型完成事件定义）；RTL读延迟=AR->R（沿用实际仿真现有口径，Burst时first/last R按原仿真脚本定义保持不变）；MODEL读延迟=对应读命令产生->对应link node释放。,,,,,,,,,,,,,,,,,,,,,,,,,,,,,,,,,,,"=IF(OR(V6="""",AM6="""",V6=0),"""",ABS(AM6-V6)/V6*100)","=IF(OR(W6="""",AN6="""",W6=0),"""",ABS(AN6-W6)/W6*100)","=IF(OR(X6="""",AO6="""",X6=0),"""",ABS(AO6-X6)/X6*100)","=IF(OR(Y6="""",AP6="""",Y6=0),"""",ABS(AP6-Y6)/Y6*100)","=IF(OR(Z6="""",AQ6="""",Z6=0),"""",ABS(AQ6-Z6)/Z6*100)","=IF(OR(AA6="""",AR6="""",AA6=0),"""",ABS(AR6-AA6)/AA6*100)","=IF((AC6+AD6)=0,"""",AB6/(AC6+AD6))","=IF((AT6+AU6)=0,"""",AS6/(AT6+AU6))",建立RTL↔Model基础相关性；区分linear/random、纯R/纯W、50/50 R/W下模型误差是否系统性偏大。,若各类workload的efficiency/total_cycles误差均小且无明显偏置，说明模型抓住主要timing/scheduling机制；若random或50/50误差显著放大，优先检查mapping/row-locality/RW-turnaround/可见性抽象。,TODO,纯读case：write latency列留空是正常的
Baseline,B06,P0,纯写随机基线,Random_W100,random,0.0,batch_4state,42,10000,4,32,32,192,800,8,DEFAULT,3,128,,RTL写延迟=AW->B（沿用实际仿真现有口径）；MODEL写延迟=对应命令产生->write data完成写入（按模型完成事件定义）；RTL读延迟=AR->R（沿用实际仿真现有口径，Burst时first/last R按原仿真脚本定义保持不变）；MODEL读延迟=对应读命令产生->对应link node释放。,,,,,,,,,,,,,,,,,,,,,,,,,,,,,,,,,,,"=IF(OR(V7="""",AM7="""",V7=0),"""",ABS(AM7-V7)/V7*100)","=IF(OR(W7="""",AN7="""",W7=0),"""",ABS(AN7-W7)/W7*100)","=IF(OR(X7="""",AO7="""",X7=0),"""",ABS(AO7-X7)/X7*100)","=IF(OR(Y7="""",AP7="""",Y7=0),"""",ABS(AP7-Y7)/Y7*100)","=IF(OR(Z7="""",AQ7="""",Z7=0),"""",ABS(AQ7-Z7)/Z7*100)","=IF(OR(AA7="""",AR7="""",AA7=0),"""",ABS(AR7-AA7)/AA7*100)","=IF((AC7+AD7)=0,"""",AB7/(AC7+AD7))","=IF((AT7+AU7)=0,"""",AS7/(AT7+AU7))",建立RTL↔Model基础相关性；区分linear/random、纯R/纯W、50/50 R/W下模型误差是否系统性偏大。,若各类workload的efficiency/total_cycles误差均小且无明显偏置，说明模型抓住主要timing/scheduling机制；若random或50/50误差显著放大，优先检查mapping/row-locality/RW-turnaround/可见性抽象。,TODO,纯写case：read latency列留空是正常的
Baseline,B07,P0,50/50随机+batch,Random_RW50_Batch,random,0.5,batch_4state,42,10000,4,32,32,192,800,8,DEFAULT,3,128,,RTL写延迟=AW->B（沿用实际仿真现有口径）；MODEL写延迟=对应命令产生->write data完成写入（按模型完成事件定义）；RTL读延迟=AR->R（沿用实际仿真现有口径，Burst时first/last R按原仿真脚本定义保持不变）；MODEL读延迟=对应读命令产生->对应link node释放。,,,,,,,,,,,,,,,,,,,,,,,,,,,,,,,,,,,"=IF(OR(V8="""",AM8="""",V8=0),"""",ABS(AM8-V8)/V8*100)","=IF(OR(W8="""",AN8="""",W8=0),"""",ABS(AN8-W8)/W8*100)","=IF(OR(X8="""",AO8="""",X8=0),"""",ABS(AO8-X8)/X8*100)","=IF(OR(Y8="""",AP8="""",Y8=0),"""",ABS(AP8-Y8)/Y8*100)","=IF(OR(Z8="""",AQ8="""",Z8=0),"""",ABS(AQ8-Z8)/Z8*100)","=IF(OR(AA8="""",AR8="""",AA8=0),"""",ABS(AR8-AA8)/AA8*100)","=IF((AC8+AD8)=0,"""",AB8/(AC8+AD8))","=IF((AT8+AU8)=0,"""",AS8/(AT8+AU8))",建立RTL↔Model基础相关性；区分linear/random、纯R/纯W、50/50 R/W下模型误差是否系统性偏大。,若各类workload的efficiency/total_cycles误差均小且无明显偏置，说明模型抓住主要timing/scheduling机制；若random或50/50误差显著放大，优先检查mapping/row-locality/RW-turnaround/可见性抽象。,TODO,
Baseline,B08,P0,50/50随机+alternating,Random_RW50_Alt,random,0.5,alternating,42,10000,4,32,32,192,800,8,DEFAULT,3,128,,RTL写延迟=AW->B（沿用实际仿真现有口径）；MODEL写延迟=对应命令产生->write data完成写入（按模型完成事件定义）；RTL读延迟=AR->R（沿用实际仿真现有口径，Burst时first/last R按原仿真脚本定义保持不变）；MODEL读延迟=对应读命令产生->对应link node释放。,,,,,,,,,,,,,,,,,,,,,,,,,,,,,,,,,,,"=IF(OR(V9="""",AM9="""",V9=0),"""",ABS(AM9-V9)/V9*100)","=IF(OR(W9="""",AN9="""",W9=0),"""",ABS(AN9-W9)/W9*100)","=IF(OR(X9="""",AO9="""",X9=0),"""",ABS(AO9-X9)/X9*100)","=IF(OR(Y9="""",AP9="""",Y9=0),"""",ABS(AP9-Y9)/Y9*100)","=IF(OR(Z9="""",AQ9="""",Z9=0),"""",ABS(AQ9-Z9)/Z9*100)","=IF(OR(AA9="""",AR9="""",AA9=0),"""",ABS(AR9-AA9)/AA9*100)","=IF((AC9+AD9)=0,"""",AB9/(AC9+AD9))","=IF((AT9+AU9)=0,"""",AS9/(AT9+AU9))",建立RTL↔Model基础相关性；区分linear/random、纯R/纯W、50/50 R/W下模型误差是否系统性偏大。,若各类workload的efficiency/total_cycles误差均小且无明显偏置，说明模型抓住主要timing/scheduling机制；若random或50/50误差显著放大，优先检查mapping/row-locality/RW-turnaround/可见性抽象。,TODO,
OneFactor_CAM,C01,P0,CAM depth sweep,Random_R100,random,1.0,batch_4state,42,10000,4,16,16,192,800,8,DEFAULT,3,128,,RTL写延迟=AW->B（沿用实际仿真现有口径）；MODEL写延迟=对应命令产生->write data完成写入（按模型完成事件定义）；RTL读延迟=AR->R（沿用实际仿真现有口径，Burst时first/last R按原仿真脚本定义保持不变）；MODEL读延迟=对应读命令产生->对应link node释放。,,,,,,,,,,,,,,,,,,,,,,,,,,,,,,,,,,,"=IF(OR(V10="""",AM10="""",V10=0),"""",ABS(AM10-V10)/V10*100)","=IF(OR(W10="""",AN10="""",W10=0),"""",ABS(AN10-W10)/W10*100)","=IF(OR(X10="""",AO10="""",X10=0),"""",ABS(AO10-X10)/X10*100)","=IF(OR(Y10="""",AP10="""",Y10=0),"""",ABS(AP10-Y10)/Y10*100)","=IF(OR(Z10="""",AQ10="""",Z10=0),"""",ABS(AQ10-Z10)/Z10*100)","=IF(OR(AA10="""",AR10="""",AA10=0),"""",ABS(AR10-AA10)/AA10*100)","=IF((AC10+AD10)=0,"""",AB10/(AC10+AD10))","=IF((AT10+AU10)=0,"""",AS10/(AT10+AU10))",找CAM visibility的saturation point，并观察deeper CAM对random与R/W混合负载的收益是否不同。,若depth增加使BW上升、CAM高水位下降/row-hit或bank-ready机会改善，说明visibility是瓶颈；若64→96/128收益很小而P99继续增加，则已接近saturation point。,TODO,read/write CAM同时改相同depth，保持其它参数不变；纯读case：write latency列留空是正常的
OneFactor_CAM,C02,P0,CAM depth sweep,Random_R100,random,1.0,batch_4state,42,10000,4,32,32,192,800,8,DEFAULT,3,128,,RTL写延迟=AW->B（沿用实际仿真现有口径）；MODEL写延迟=对应命令产生->write data完成写入（按模型完成事件定义）；RTL读延迟=AR->R（沿用实际仿真现有口径，Burst时first/last R按原仿真脚本定义保持不变）；MODEL读延迟=对应读命令产生->对应link node释放。,,,,,,,,,,,,,,,,,,,,,,,,,,,,,,,,,,,"=IF(OR(V11="""",AM11="""",V11=0),"""",ABS(AM11-V11)/V11*100)","=IF(OR(W11="""",AN11="""",W11=0),"""",ABS(AN11-W11)/W11*100)","=IF(OR(X11="""",AO11="""",X11=0),"""",ABS(AO11-X11)/X11*100)","=IF(OR(Y11="""",AP11="""",Y11=0),"""",ABS(AP11-Y11)/Y11*100)","=IF(OR(Z11="""",AQ11="""",Z11=0),"""",ABS(AQ11-Z11)/Z11*100)","=IF(OR(AA11="""",AR11="""",AA11=0),"""",ABS(AR11-AA11)/AA11*100)","=IF((AC11+AD11)=0,"""",AB11/(AC11+AD11))","=IF((AT11+AU11)=0,"""",AS11/(AT11+AU11))",找CAM visibility的saturation point，并观察deeper CAM对random与R/W混合负载的收益是否不同。,若depth增加使BW上升、CAM高水位下降/row-hit或bank-ready机会改善，说明visibility是瓶颈；若64→96/128收益很小而P99继续增加，则已接近saturation point。,TODO,read/write CAM同时改相同depth，保持其它参数不变；纯读case：write latency列留空是正常的
OneFactor_CAM,C03,P0,CAM depth sweep,Random_R100,random,1.0,batch_4state,42,10000,4,64,64,192,800,8,DEFAULT,3,128,,RTL写延迟=AW->B（沿用实际仿真现有口径）；MODEL写延迟=对应命令产生->write data完成写入（按模型完成事件定义）；RTL读延迟=AR->R（沿用实际仿真现有口径，Burst时first/last R按原仿真脚本定义保持不变）；MODEL读延迟=对应读命令产生->对应link node释放。,,,,,,,,,,,,,,,,,,,,,,,,,,,,,,,,,,,"=IF(OR(V12="""",AM12="""",V12=0),"""",ABS(AM12-V12)/V12*100)","=IF(OR(W12="""",AN12="""",W12=0),"""",ABS(AN12-W12)/W12*100)","=IF(OR(X12="""",AO12="""",X12=0),"""",ABS(AO12-X12)/X12*100)","=IF(OR(Y12="""",AP12="""",Y12=0),"""",ABS(AP12-Y12)/Y12*100)","=IF(OR(Z12="""",AQ12="""",Z12=0),"""",ABS(AQ12-Z12)/Z12*100)","=IF(OR(AA12="""",AR12="""",AA12=0),"""",ABS(AR12-AA12)/AA12*100)","=IF((AC12+AD12)=0,"""",AB12/(AC12+AD12))","=IF((AT12+AU12)=0,"""",AS12/(AT12+AU12))",找CAM visibility的saturation point，并观察deeper CAM对random与R/W混合负载的收益是否不同。,若depth增加使BW上升、CAM高水位下降/row-hit或bank-ready机会改善，说明visibility是瓶颈；若64→96/128收益很小而P99继续增加，则已接近saturation point。,TODO,read/write CAM同时改相同depth，保持其它参数不变；纯读case：write latency列留空是正常的
OneFactor_CAM,C04,P0,CAM depth sweep,Random_R100,random,1.0,batch_4state,42,10000,4,96,96,192,800,8,DEFAULT,3,128,,RTL写延迟=AW->B（沿用实际仿真现有口径）；MODEL写延迟=对应命令产生->write data完成写入（按模型完成事件定义）；RTL读延迟=AR->R（沿用实际仿真现有口径，Burst时first/last R按原仿真脚本定义保持不变）；MODEL读延迟=对应读命令产生->对应link node释放。,,,,,,,,,,,,,,,,,,,,,,,,,,,,,,,,,,,"=IF(OR(V13="""",AM13="""",V13=0),"""",ABS(AM13-V13)/V13*100)","=IF(OR(W13="""",AN13="""",W13=0),"""",ABS(AN13-W13)/W13*100)","=IF(OR(X13="""",AO13="""",X13=0),"""",ABS(AO13-X13)/X13*100)","=IF(OR(Y13="""",AP13="""",Y13=0),"""",ABS(AP13-Y13)/Y13*100)","=IF(OR(Z13="""",AQ13="""",Z13=0),"""",ABS(AQ13-Z13)/Z13*100)","=IF(OR(AA13="""",AR13="""",AA13=0),"""",ABS(AR13-AA13)/AA13*100)","=IF((AC13+AD13)=0,"""",AB13/(AC13+AD13))","=IF((AT13+AU13)=0,"""",AS13/(AT13+AU13))",找CAM visibility的saturation point，并观察deeper CAM对random与R/W混合负载的收益是否不同。,若depth增加使BW上升、CAM高水位下降/row-hit或bank-ready机会改善，说明visibility是瓶颈；若64→96/128收益很小而P99继续增加，则已接近saturation point。,TODO,read/write CAM同时改相同depth，保持其它参数不变；纯读case：write latency列留空是正常的
OneFactor_CAM,C05,P0,CAM depth sweep,Random_R100,random,1.0,batch_4state,42,10000,4,128,128,192,800,8,DEFAULT,3,128,,RTL写延迟=AW->B（沿用实际仿真现有口径）；MODEL写延迟=对应命令产生->write data完成写入（按模型完成事件定义）；RTL读延迟=AR->R（沿用实际仿真现有口径，Burst时first/last R按原仿真脚本定义保持不变）；MODEL读延迟=对应读命令产生->对应link node释放。,,,,,,,,,,,,,,,,,,,,,,,,,,,,,,,,,,,"=IF(OR(V14="""",AM14="""",V14=0),"""",ABS(AM14-V14)/V14*100)","=IF(OR(W14="""",AN14="""",W14=0),"""",ABS(AN14-W14)/W14*100)","=IF(OR(X14="""",AO14="""",X14=0),"""",ABS(AO14-X14)/X14*100)","=IF(OR(Y14="""",AP14="""",Y14=0),"""",ABS(AP14-Y14)/Y14*100)","=IF(OR(Z14="""",AQ14="""",Z14=0),"""",ABS(AQ14-Z14)/Z14*100)","=IF(OR(AA14="""",AR14="""",AA14=0),"""",ABS(AR14-AA14)/AA14*100)","=IF((AC14+AD14)=0,"""",AB14/(AC14+AD14))","=IF((AT14+AU14)=0,"""",AS14/(AT14+AU14))",找CAM visibility的saturation point，并观察deeper CAM对random与R/W混合负载的收益是否不同。,若depth增加使BW上升、CAM高水位下降/row-hit或bank-ready机会改善，说明visibility是瓶颈；若64→96/128收益很小而P99继续增加，则已接近saturation point。,TODO,read/write CAM同时改相同depth，保持其它参数不变；纯读case：write latency列留空是正常的
OneFactor_CAM,C06,P0,CAM depth sweep,Random_RW50_Batch,random,0.5,batch_4state,42,10000,4,16,16,192,800,8,DEFAULT,3,128,,RTL写延迟=AW->B（沿用实际仿真现有口径）；MODEL写延迟=对应命令产生->write data完成写入（按模型完成事件定义）；RTL读延迟=AR->R（沿用实际仿真现有口径，Burst时first/last R按原仿真脚本定义保持不变）；MODEL读延迟=对应读命令产生->对应link node释放。,,,,,,,,,,,,,,,,,,,,,,,,,,,,,,,,,,,"=IF(OR(V15="""",AM15="""",V15=0),"""",ABS(AM15-V15)/V15*100)","=IF(OR(W15="""",AN15="""",W15=0),"""",ABS(AN15-W15)/W15*100)","=IF(OR(X15="""",AO15="""",X15=0),"""",ABS(AO15-X15)/X15*100)","=IF(OR(Y15="""",AP15="""",Y15=0),"""",ABS(AP15-Y15)/Y15*100)","=IF(OR(Z15="""",AQ15="""",Z15=0),"""",ABS(AQ15-Z15)/Z15*100)","=IF(OR(AA15="""",AR15="""",AA15=0),"""",ABS(AR15-AA15)/AA15*100)","=IF((AC15+AD15)=0,"""",AB15/(AC15+AD15))","=IF((AT15+AU15)=0,"""",AS15/(AT15+AU15))",找CAM visibility的saturation point，并观察deeper CAM对random与R/W混合负载的收益是否不同。,若depth增加使BW上升、CAM高水位下降/row-hit或bank-ready机会改善，说明visibility是瓶颈；若64→96/128收益很小而P99继续增加，则已接近saturation point。,TODO,read/write CAM同时改相同depth，保持其它参数不变
OneFactor_CAM,C07,P0,CAM depth sweep,Random_RW50_Batch,random,0.5,batch_4state,42,10000,4,32,32,192,800,8,DEFAULT,3,128,,RTL写延迟=AW->B（沿用实际仿真现有口径）；MODEL写延迟=对应命令产生->write data完成写入（按模型完成事件定义）；RTL读延迟=AR->R（沿用实际仿真现有口径，Burst时first/last R按原仿真脚本定义保持不变）；MODEL读延迟=对应读命令产生->对应link node释放。,,,,,,,,,,,,,,,,,,,,,,,,,,,,,,,,,,,"=IF(OR(V16="""",AM16="""",V16=0),"""",ABS(AM16-V16)/V16*100)","=IF(OR(W16="""",AN16="""",W16=0),"""",ABS(AN16-W16)/W16*100)","=IF(OR(X16="""",AO16="""",X16=0),"""",ABS(AO16-X16)/X16*100)","=IF(OR(Y16="""",AP16="""",Y16=0),"""",ABS(AP16-Y16)/Y16*100)","=IF(OR(Z16="""",AQ16="""",Z16=0),"""",ABS(AQ16-Z16)/Z16*100)","=IF(OR(AA16="""",AR16="""",AA16=0),"""",ABS(AR16-AA16)/AA16*100)","=IF((AC16+AD16)=0,"""",AB16/(AC16+AD16))","=IF((AT16+AU16)=0,"""",AS16/(AT16+AU16))",找CAM visibility的saturation point，并观察deeper CAM对random与R/W混合负载的收益是否不同。,若depth增加使BW上升、CAM高水位下降/row-hit或bank-ready机会改善，说明visibility是瓶颈；若64→96/128收益很小而P99继续增加，则已接近saturation point。,TODO,read/write CAM同时改相同depth，保持其它参数不变
OneFactor_CAM,C08,P0,CAM depth sweep,Random_RW50_Batch,random,0.5,batch_4state,42,10000,4,64,64,192,800,8,DEFAULT,3,128,,RTL写延迟=AW->B（沿用实际仿真现有口径）；MODEL写延迟=对应命令产生->write data完成写入（按模型完成事件定义）；RTL读延迟=AR->R（沿用实际仿真现有口径，Burst时first/last R按原仿真脚本定义保持不变）；MODEL读延迟=对应读命令产生->对应link node释放。,,,,,,,,,,,,,,,,,,,,,,,,,,,,,,,,,,,"=IF(OR(V17="""",AM17="""",V17=0),"""",ABS(AM17-V17)/V17*100)","=IF(OR(W17="""",AN17="""",W17=0),"""",ABS(AN17-W17)/W17*100)","=IF(OR(X17="""",AO17="""",X17=0),"""",ABS(AO17-X17)/X17*100)","=IF(OR(Y17="""",AP17="""",Y17=0),"""",ABS(AP17-Y17)/Y17*100)","=IF(OR(Z17="""",AQ17="""",Z17=0),"""",ABS(AQ17-Z17)/Z17*100)","=IF(OR(AA17="""",AR17="""",AA17=0),"""",ABS(AR17-AA17)/AA17*100)","=IF((AC17+AD17)=0,"""",AB17/(AC17+AD17))","=IF((AT17+AU17)=0,"""",AS17/(AT17+AU17))",找CAM visibility的saturation point，并观察deeper CAM对random与R/W混合负载的收益是否不同。,若depth增加使BW上升、CAM高水位下降/row-hit或bank-ready机会改善，说明visibility是瓶颈；若64→96/128收益很小而P99继续增加，则已接近saturation point。,TODO,read/write CAM同时改相同depth，保持其它参数不变
OneFactor_CAM,C09,P0,CAM depth sweep,Random_RW50_Batch,random,0.5,batch_4state,42,10000,4,96,96,192,800,8,DEFAULT,3,128,,RTL写延迟=AW->B（沿用实际仿真现有口径）；MODEL写延迟=对应命令产生->write data完成写入（按模型完成事件定义）；RTL读延迟=AR->R（沿用实际仿真现有口径，Burst时first/last R按原仿真脚本定义保持不变）；MODEL读延迟=对应读命令产生->对应link node释放。,,,,,,,,,,,,,,,,,,,,,,,,,,,,,,,,,,,"=IF(OR(V18="""",AM18="""",V18=0),"""",ABS(AM18-V18)/V18*100)","=IF(OR(W18="""",AN18="""",W18=0),"""",ABS(AN18-W18)/W18*100)","=IF(OR(X18="""",AO18="""",X18=0),"""",ABS(AO18-X18)/X18*100)","=IF(OR(Y18="""",AP18="""",Y18=0),"""",ABS(AP18-Y18)/Y18*100)","=IF(OR(Z18="""",AQ18="""",Z18=0),"""",ABS(AQ18-Z18)/Z18*100)","=IF(OR(AA18="""",AR18="""",AA18=0),"""",ABS(AR18-AA18)/AA18*100)","=IF((AC18+AD18)=0,"""",AB18/(AC18+AD18))","=IF((AT18+AU18)=0,"""",AS18/(AT18+AU18))",找CAM visibility的saturation point，并观察deeper CAM对random与R/W混合负载的收益是否不同。,若depth增加使BW上升、CAM高水位下降/row-hit或bank-ready机会改善，说明visibility是瓶颈；若64→96/128收益很小而P99继续增加，则已接近saturation point。,TODO,read/write CAM同时改相同depth，保持其它参数不变
OneFactor_CAM,C10,P0,CAM depth sweep,Random_RW50_Batch,random,0.5,batch_4state,42,10000,4,128,128,192,800,8,DEFAULT,3,128,,RTL写延迟=AW->B（沿用实际仿真现有口径）；MODEL写延迟=对应命令产生->write data完成写入（按模型完成事件定义）；RTL读延迟=AR->R（沿用实际仿真现有口径，Burst时first/last R按原仿真脚本定义保持不变）；MODEL读延迟=对应读命令产生->对应link node释放。,,,,,,,,,,,,,,,,,,,,,,,,,,,,,,,,,,,"=IF(OR(V19="""",AM19="""",V19=0),"""",ABS(AM19-V19)/V19*100)","=IF(OR(W19="""",AN19="""",W19=0),"""",ABS(AN19-W19)/W19*100)","=IF(OR(X19="""",AO19="""",X19=0),"""",ABS(AO19-X19)/X19*100)","=IF(OR(Y19="""",AP19="""",Y19=0),"""",ABS(AP19-Y19)/Y19*100)","=IF(OR(Z19="""",AQ19="""",Z19=0),"""",ABS(AQ19-Z19)/Z19*100)","=IF(OR(AA19="""",AR19="""",AA19=0),"""",ABS(AR19-AA19)/AA19*100)","=IF((AC19+AD19)=0,"""",AB19/(AC19+AD19))","=IF((AT19+AU19)=0,"""",AS19/(AT19+AU19))",找CAM visibility的saturation point，并观察deeper CAM对random与R/W混合负载的收益是否不同。,若depth增加使BW上升、CAM高水位下降/row-hit或bank-ready机会改善，说明visibility是瓶颈；若64→96/128收益很小而P99继续增加，则已接近saturation point。,TODO,read/write CAM同时改相同depth，保持其它参数不变
OneFactor_CAM_Control,C11,P1,CAM sweep的linear control,Linear_R100,linear,1.0,batch_4state,42,10000,4,16,16,192,800,8,DEFAULT,3,128,,RTL写延迟=AW->B（沿用实际仿真现有口径）；MODEL写延迟=对应命令产生->write data完成写入（按模型完成事件定义）；RTL读延迟=AR->R（沿用实际仿真现有口径，Burst时first/last R按原仿真脚本定义保持不变）；MODEL读延迟=对应读命令产生->对应link node释放。,,,,,,,,,,,,,,,,,,,,,,,,,,,,,,,,,,,"=IF(OR(V20="""",AM20="""",V20=0),"""",ABS(AM20-V20)/V20*100)","=IF(OR(W20="""",AN20="""",W20=0),"""",ABS(AN20-W20)/W20*100)","=IF(OR(X20="""",AO20="""",X20=0),"""",ABS(AO20-X20)/X20*100)","=IF(OR(Y20="""",AP20="""",Y20=0),"""",ABS(AP20-Y20)/Y20*100)","=IF(OR(Z20="""",AQ20="""",Z20=0),"""",ABS(AQ20-Z20)/Z20*100)","=IF(OR(AA20="""",AR20="""",AA20=0),"""",ABS(AR20-AA20)/AA20*100)","=IF((AC20+AD20)=0,"""",AB20/(AC20+AD20))","=IF((AT20+AU20)=0,"""",AS20/(AT20+AU20))",判断顺序流是否较浅CAM已足够，用来证明CAM收益具有workload dependence。,若linear在浅CAM已饱和而random继续受益，能支持“deeper visibility主要买BLP/reorder opportunity，而不是普遍买带宽”。,TODO,P1，可在RTL仿真成本高时跳过；纯读case：write latency列留空是正常的
OneFactor_CAM_Control,C12,P1,CAM sweep的linear control,Linear_R100,linear,1.0,batch_4state,42,10000,4,32,32,192,800,8,DEFAULT,3,128,,RTL写延迟=AW->B（沿用实际仿真现有口径）；MODEL写延迟=对应命令产生->write data完成写入（按模型完成事件定义）；RTL读延迟=AR->R（沿用实际仿真现有口径，Burst时first/last R按原仿真脚本定义保持不变）；MODEL读延迟=对应读命令产生->对应link node释放。,,,,,,,,,,,,,,,,,,,,,,,,,,,,,,,,,,,"=IF(OR(V21="""",AM21="""",V21=0),"""",ABS(AM21-V21)/V21*100)","=IF(OR(W21="""",AN21="""",W21=0),"""",ABS(AN21-W21)/W21*100)","=IF(OR(X21="""",AO21="""",X21=0),"""",ABS(AO21-X21)/X21*100)","=IF(OR(Y21="""",AP21="""",Y21=0),"""",ABS(AP21-Y21)/Y21*100)","=IF(OR(Z21="""",AQ21="""",Z21=0),"""",ABS(AQ21-Z21)/Z21*100)","=IF(OR(AA21="""",AR21="""",AA21=0),"""",ABS(AR21-AA21)/AA21*100)","=IF((AC21+AD21)=0,"""",AB21/(AC21+AD21))","=IF((AT21+AU21)=0,"""",AS21/(AT21+AU21))",判断顺序流是否较浅CAM已足够，用来证明CAM收益具有workload dependence。,若linear在浅CAM已饱和而random继续受益，能支持“deeper visibility主要买BLP/reorder opportunity，而不是普遍买带宽”。,TODO,P1，可在RTL仿真成本高时跳过；纯读case：write latency列留空是正常的
OneFactor_CAM_Control,C13,P1,CAM sweep的linear control,Linear_R100,linear,1.0,batch_4state,42,10000,4,64,64,192,800,8,DEFAULT,3,128,,RTL写延迟=AW->B（沿用实际仿真现有口径）；MODEL写延迟=对应命令产生->write data完成写入（按模型完成事件定义）；RTL读延迟=AR->R（沿用实际仿真现有口径，Burst时first/last R按原仿真脚本定义保持不变）；MODEL读延迟=对应读命令产生->对应link node释放。,,,,,,,,,,,,,,,,,,,,,,,,,,,,,,,,,,,"=IF(OR(V22="""",AM22="""",V22=0),"""",ABS(AM22-V22)/V22*100)","=IF(OR(W22="""",AN22="""",W22=0),"""",ABS(AN22-W22)/W22*100)","=IF(OR(X22="""",AO22="""",X22=0),"""",ABS(AO22-X22)/X22*100)","=IF(OR(Y22="""",AP22="""",Y22=0),"""",ABS(AP22-Y22)/Y22*100)","=IF(OR(Z22="""",AQ22="""",Z22=0),"""",ABS(AQ22-Z22)/Z22*100)","=IF(OR(AA22="""",AR22="""",AA22=0),"""",ABS(AR22-AA22)/AA22*100)","=IF((AC22+AD22)=0,"""",AB22/(AC22+AD22))","=IF((AT22+AU22)=0,"""",AS22/(AT22+AU22))",判断顺序流是否较浅CAM已足够，用来证明CAM收益具有workload dependence。,若linear在浅CAM已饱和而random继续受益，能支持“deeper visibility主要买BLP/reorder opportunity，而不是普遍买带宽”。,TODO,P1，可在RTL仿真成本高时跳过；纯读case：write latency列留空是正常的
OneFactor_CAM_Control,C14,P1,CAM sweep的linear control,Linear_R100,linear,1.0,batch_4state,42,10000,4,96,96,192,800,8,DEFAULT,3,128,,RTL写延迟=AW->B（沿用实际仿真现有口径）；MODEL写延迟=对应命令产生->write data完成写入（按模型完成事件定义）；RTL读延迟=AR->R（沿用实际仿真现有口径，Burst时first/last R按原仿真脚本定义保持不变）；MODEL读延迟=对应读命令产生->对应link node释放。,,,,,,,,,,,,,,,,,,,,,,,,,,,,,,,,,,,"=IF(OR(V23="""",AM23="""",V23=0),"""",ABS(AM23-V23)/V23*100)","=IF(OR(W23="""",AN23="""",W23=0),"""",ABS(AN23-W23)/W23*100)","=IF(OR(X23="""",AO23="""",X23=0),"""",ABS(AO23-X23)/X23*100)","=IF(OR(Y23="""",AP23="""",Y23=0),"""",ABS(AP23-Y23)/Y23*100)","=IF(OR(Z23="""",AQ23="""",Z23=0),"""",ABS(AQ23-Z23)/Z23*100)","=IF(OR(AA23="""",AR23="""",AA23=0),"""",ABS(AR23-AA23)/AA23*100)","=IF((AC23+AD23)=0,"""",AB23/(AC23+AD23))","=IF((AT23+AU23)=0,"""",AS23/(AT23+AU23))",判断顺序流是否较浅CAM已足够，用来证明CAM收益具有workload dependence。,若linear在浅CAM已饱和而random继续受益，能支持“deeper visibility主要买BLP/reorder opportunity，而不是普遍买带宽”。,TODO,P1，可在RTL仿真成本高时跳过；纯读case：write latency列留空是正常的
OneFactor_CAM_Control,C15,P1,CAM sweep的linear control,Linear_R100,linear,1.0,batch_4state,42,10000,4,128,128,192,800,8,DEFAULT,3,128,,RTL写延迟=AW->B（沿用实际仿真现有口径）；MODEL写延迟=对应命令产生->write data完成写入（按模型完成事件定义）；RTL读延迟=AR->R（沿用实际仿真现有口径，Burst时first/last R按原仿真脚本定义保持不变）；MODEL读延迟=对应读命令产生->对应link node释放。,,,,,,,,,,,,,,,,,,,,,,,,,,,,,,,,,,,"=IF(OR(V24="""",AM24="""",V24=0),"""",ABS(AM24-V24)/V24*100)","=IF(OR(W24="""",AN24="""",W24=0),"""",ABS(AN24-W24)/W24*100)","=IF(OR(X24="""",AO24="""",X24=0),"""",ABS(AO24-X24)/X24*100)","=IF(OR(Y24="""",AP24="""",Y24=0),"""",ABS(AP24-Y24)/Y24*100)","=IF(OR(Z24="""",AQ24="""",Z24=0),"""",ABS(AQ24-Z24)/Z24*100)","=IF(OR(AA24="""",AR24="""",AA24=0),"""",ABS(AR24-AA24)/AA24*100)","=IF((AC24+AD24)=0,"""",AB24/(AC24+AD24))","=IF((AT24+AU24)=0,"""",AS24/(AT24+AU24))",判断顺序流是否较浅CAM已足够，用来证明CAM收益具有workload dependence。,若linear在浅CAM已饱和而random继续受益，能支持“deeper visibility主要买BLP/reorder opportunity，而不是普遍买带宽”。,TODO,P1，可在RTL仿真成本高时跳过；纯读case：write latency列留空是正常的
OneFactor_LinkNode,L01,P0,link node/outstanding sweep,Random_R100,random,1.0,batch_4state,42,10000,4,32,32,64,800,8,DEFAULT,3,128,,RTL写延迟=AW->B（沿用实际仿真现有口径）；MODEL写延迟=对应命令产生->write data完成写入（按模型完成事件定义）；RTL读延迟=AR->R（沿用实际仿真现有口径，Burst时first/last R按原仿真脚本定义保持不变）；MODEL读延迟=对应读命令产生->对应link node释放。,,,,,,,,,,,,,,,,,,,,,,,,,,,,,,,,,,,"=IF(OR(V25="""",AM25="""",V25=0),"""",ABS(AM25-V25)/V25*100)","=IF(OR(W25="""",AN25="""",W25=0),"""",ABS(AN25-W25)/W25*100)","=IF(OR(X25="""",AO25="""",X25=0),"""",ABS(AO25-X25)/X25*100)","=IF(OR(Y25="""",AP25="""",Y25=0),"""",ABS(AP25-Y25)/Y25*100)","=IF(OR(Z25="""",AQ25="""",Z25=0),"""",ABS(AQ25-Z25)/Z25*100)","=IF(OR(AA25="""",AR25="""",AA25=0),"""",ABS(AR25-AA25)/AA25*100)","=IF((AC25+AD25)=0,"""",AB25/(AC25+AD25))","=IF((AT25+AU25)=0,"""",AS25/(AT25+AU25))",找读侧in-flight/outstanding资源的saturation point，并判断BW是否被返回链路资源而非DRAM scheduler限制。,若增加link nodes显著提高BW并降低resource stall，说明in-flight capacity不足；若node数量继续增加但BW不变，则瓶颈已转移到CAM/timing/mapping/scheduler。,TODO,read-only最能隔离link-node影响；确保link_list_count<=link_node_count；纯读case：write latency列留空是正常的
OneFactor_LinkNode,L02,P0,link node/outstanding sweep,Random_R100,random,1.0,batch_4state,42,10000,4,32,32,96,800,8,DEFAULT,3,128,,RTL写延迟=AW->B（沿用实际仿真现有口径）；MODEL写延迟=对应命令产生->write data完成写入（按模型完成事件定义）；RTL读延迟=AR->R（沿用实际仿真现有口径，Burst时first/last R按原仿真脚本定义保持不变）；MODEL读延迟=对应读命令产生->对应link node释放。,,,,,,,,,,,,,,,,,,,,,,,,,,,,,,,,,,,"=IF(OR(V26="""",AM26="""",V26=0),"""",ABS(AM26-V26)/V26*100)","=IF(OR(W26="""",AN26="""",W26=0),"""",ABS(AN26-W26)/W26*100)","=IF(OR(X26="""",AO26="""",X26=0),"""",ABS(AO26-X26)/X26*100)","=IF(OR(Y26="""",AP26="""",Y26=0),"""",ABS(AP26-Y26)/Y26*100)","=IF(OR(Z26="""",AQ26="""",Z26=0),"""",ABS(AQ26-Z26)/Z26*100)","=IF(OR(AA26="""",AR26="""",AA26=0),"""",ABS(AR26-AA26)/AA26*100)","=IF((AC26+AD26)=0,"""",AB26/(AC26+AD26))","=IF((AT26+AU26)=0,"""",AS26/(AT26+AU26))",找读侧in-flight/outstanding资源的saturation point，并判断BW是否被返回链路资源而非DRAM scheduler限制。,若增加link nodes显著提高BW并降低resource stall，说明in-flight capacity不足；若node数量继续增加但BW不变，则瓶颈已转移到CAM/timing/mapping/scheduler。,TODO,read-only最能隔离link-node影响；确保link_list_count<=link_node_count；纯读case：write latency列留空是正常的
OneFactor_LinkNode,L03,P0,link node/outstanding sweep,Random_R100,random,1.0,batch_4state,42,10000,4,32,32,128,800,8,DEFAULT,3,128,,RTL写延迟=AW->B（沿用实际仿真现有口径）；MODEL写延迟=对应命令产生->write data完成写入（按模型完成事件定义）；RTL读延迟=AR->R（沿用实际仿真现有口径，Burst时first/last R按原仿真脚本定义保持不变）；MODEL读延迟=对应读命令产生->对应link node释放。,,,,,,,,,,,,,,,,,,,,,,,,,,,,,,,,,,,"=IF(OR(V27="""",AM27="""",V27=0),"""",ABS(AM27-V27)/V27*100)","=IF(OR(W27="""",AN27="""",W27=0),"""",ABS(AN27-W27)/W27*100)","=IF(OR(X27="""",AO27="""",X27=0),"""",ABS(AO27-X27)/X27*100)","=IF(OR(Y27="""",AP27="""",Y27=0),"""",ABS(AP27-Y27)/Y27*100)","=IF(OR(Z27="""",AQ27="""",Z27=0),"""",ABS(AQ27-Z27)/Z27*100)","=IF(OR(AA27="""",AR27="""",AA27=0),"""",ABS(AR27-AA27)/AA27*100)","=IF((AC27+AD27)=0,"""",AB27/(AC27+AD27))","=IF((AT27+AU27)=0,"""",AS27/(AT27+AU27))",找读侧in-flight/outstanding资源的saturation point，并判断BW是否被返回链路资源而非DRAM scheduler限制。,若增加link nodes显著提高BW并降低resource stall，说明in-flight capacity不足；若node数量继续增加但BW不变，则瓶颈已转移到CAM/timing/mapping/scheduler。,TODO,read-only最能隔离link-node影响；确保link_list_count<=link_node_count；纯读case：write latency列留空是正常的
OneFactor_LinkNode,L04,P0,link node/outstanding sweep,Random_R100,random,1.0,batch_4state,42,10000,4,32,32,192,800,8,DEFAULT,3,128,,RTL写延迟=AW->B（沿用实际仿真现有口径）；MODEL写延迟=对应命令产生->write data完成写入（按模型完成事件定义）；RTL读延迟=AR->R（沿用实际仿真现有口径，Burst时first/last R按原仿真脚本定义保持不变）；MODEL读延迟=对应读命令产生->对应link node释放。,,,,,,,,,,,,,,,,,,,,,,,,,,,,,,,,,,,"=IF(OR(V28="""",AM28="""",V28=0),"""",ABS(AM28-V28)/V28*100)","=IF(OR(W28="""",AN28="""",W28=0),"""",ABS(AN28-W28)/W28*100)","=IF(OR(X28="""",AO28="""",X28=0),"""",ABS(AO28-X28)/X28*100)","=IF(OR(Y28="""",AP28="""",Y28=0),"""",ABS(AP28-Y28)/Y28*100)","=IF(OR(Z28="""",AQ28="""",Z28=0),"""",ABS(AQ28-Z28)/Z28*100)","=IF(OR(AA28="""",AR28="""",AA28=0),"""",ABS(AR28-AA28)/AA28*100)","=IF((AC28+AD28)=0,"""",AB28/(AC28+AD28))","=IF((AT28+AU28)=0,"""",AS28/(AT28+AU28))",找读侧in-flight/outstanding资源的saturation point，并判断BW是否被返回链路资源而非DRAM scheduler限制。,若增加link nodes显著提高BW并降低resource stall，说明in-flight capacity不足；若node数量继续增加但BW不变，则瓶颈已转移到CAM/timing/mapping/scheduler。,TODO,read-only最能隔离link-node影响；确保link_list_count<=link_node_count；纯读case：write latency列留空是正常的
OneFactor_LinkNode,L05,P0,link node/outstanding sweep,Random_R100,random,1.0,batch_4state,42,10000,4,32,32,256,800,8,DEFAULT,3,128,,RTL写延迟=AW->B（沿用实际仿真现有口径）；MODEL写延迟=对应命令产生->write data完成写入（按模型完成事件定义）；RTL读延迟=AR->R（沿用实际仿真现有口径，Burst时first/last R按原仿真脚本定义保持不变）；MODEL读延迟=对应读命令产生->对应link node释放。,,,,,,,,,,,,,,,,,,,,,,,,,,,,,,,,,,,"=IF(OR(V29="""",AM29="""",V29=0),"""",ABS(AM29-V29)/V29*100)","=IF(OR(W29="""",AN29="""",W29=0),"""",ABS(AN29-W29)/W29*100)","=IF(OR(X29="""",AO29="""",X29=0),"""",ABS(AO29-X29)/X29*100)","=IF(OR(Y29="""",AP29="""",Y29=0),"""",ABS(AP29-Y29)/Y29*100)","=IF(OR(Z29="""",AQ29="""",Z29=0),"""",ABS(AQ29-Z29)/Z29*100)","=IF(OR(AA29="""",AR29="""",AA29=0),"""",ABS(AR29-AA29)/AA29*100)","=IF((AC29+AD29)=0,"""",AB29/(AC29+AD29))","=IF((AT29+AU29)=0,"""",AS29/(AT29+AU29))",找读侧in-flight/outstanding资源的saturation point，并判断BW是否被返回链路资源而非DRAM scheduler限制。,若增加link nodes显著提高BW并降低resource stall，说明in-flight capacity不足；若node数量继续增加但BW不变，则瓶颈已转移到CAM/timing/mapping/scheduler。,TODO,read-only最能隔离link-node影响；确保link_list_count<=link_node_count；纯读case：write latency列留空是正常的
OneFactor_LinkNode_Control,L06,P1,link node sweep的linear control,Linear_R100,linear,1.0,batch_4state,42,10000,4,32,32,64,800,8,DEFAULT,3,128,,RTL写延迟=AW->B（沿用实际仿真现有口径）；MODEL写延迟=对应命令产生->write data完成写入（按模型完成事件定义）；RTL读延迟=AR->R（沿用实际仿真现有口径，Burst时first/last R按原仿真脚本定义保持不变）；MODEL读延迟=对应读命令产生->对应link node释放。,,,,,,,,,,,,,,,,,,,,,,,,,,,,,,,,,,,"=IF(OR(V30="""",AM30="""",V30=0),"""",ABS(AM30-V30)/V30*100)","=IF(OR(W30="""",AN30="""",W30=0),"""",ABS(AN30-W30)/W30*100)","=IF(OR(X30="""",AO30="""",X30=0),"""",ABS(AO30-X30)/X30*100)","=IF(OR(Y30="""",AP30="""",Y30=0),"""",ABS(AP30-Y30)/Y30*100)","=IF(OR(Z30="""",AQ30="""",Z30=0),"""",ABS(AQ30-Z30)/Z30*100)","=IF(OR(AA30="""",AR30="""",AA30=0),"""",ABS(AR30-AA30)/AA30*100)","=IF((AC30+AD30)=0,"""",AB30/(AC30+AD30))","=IF((AT30+AU30)=0,"""",AS30/(AT30+AU30))",判断顺序读是否更早达到outstanding saturation。,若linear较早饱和而random需要更多node，说明随机访问更依赖in-flight并行隐藏bank/timing等待。,TODO,P1，可跳过；纯读case：write latency列留空是正常的
OneFactor_LinkNode_Control,L07,P1,link node sweep的linear control,Linear_R100,linear,1.0,batch_4state,42,10000,4,32,32,96,800,8,DEFAULT,3,128,,RTL写延迟=AW->B（沿用实际仿真现有口径）；MODEL写延迟=对应命令产生->write data完成写入（按模型完成事件定义）；RTL读延迟=AR->R（沿用实际仿真现有口径，Burst时first/last R按原仿真脚本定义保持不变）；MODEL读延迟=对应读命令产生->对应link node释放。,,,,,,,,,,,,,,,,,,,,,,,,,,,,,,,,,,,"=IF(OR(V31="""",AM31="""",V31=0),"""",ABS(AM31-V31)/V31*100)","=IF(OR(W31="""",AN31="""",W31=0),"""",ABS(AN31-W31)/W31*100)","=IF(OR(X31="""",AO31="""",X31=0),"""",ABS(AO31-X31)/X31*100)","=IF(OR(Y31="""",AP31="""",Y31=0),"""",ABS(AP31-Y31)/Y31*100)","=IF(OR(Z31="""",AQ31="""",Z31=0),"""",ABS(AQ31-Z31)/Z31*100)","=IF(OR(AA31="""",AR31="""",AA31=0),"""",ABS(AR31-AA31)/AA31*100)","=IF((AC31+AD31)=0,"""",AB31/(AC31+AD31))","=IF((AT31+AU31)=0,"""",AS31/(AT31+AU31))",判断顺序读是否更早达到outstanding saturation。,若linear较早饱和而random需要更多node，说明随机访问更依赖in-flight并行隐藏bank/timing等待。,TODO,P1，可跳过；纯读case：write latency列留空是正常的
OneFactor_LinkNode_Control,L08,P1,link node sweep的linear control,Linear_R100,linear,1.0,batch_4state,42,10000,4,32,32,128,800,8,DEFAULT,3,128,,RTL写延迟=AW->B（沿用实际仿真现有口径）；MODEL写延迟=对应命令产生->write data完成写入（按模型完成事件定义）；RTL读延迟=AR->R（沿用实际仿真现有口径，Burst时first/last R按原仿真脚本定义保持不变）；MODEL读延迟=对应读命令产生->对应link node释放。,,,,,,,,,,,,,,,,,,,,,,,,,,,,,,,,,,,"=IF(OR(V32="""",AM32="""",V32=0),"""",ABS(AM32-V32)/V32*100)","=IF(OR(W32="""",AN32="""",W32=0),"""",ABS(AN32-W32)/W32*100)","=IF(OR(X32="""",AO32="""",X32=0),"""",ABS(AO32-X32)/X32*100)","=IF(OR(Y32="""",AP32="""",Y32=0),"""",ABS(AP32-Y32)/Y32*100)","=IF(OR(Z32="""",AQ32="""",Z32=0),"""",ABS(AQ32-Z32)/Z32*100)","=IF(OR(AA32="""",AR32="""",AA32=0),"""",ABS(AR32-AA32)/AA32*100)","=IF((AC32+AD32)=0,"""",AB32/(AC32+AD32))","=IF((AT32+AU32)=0,"""",AS32/(AT32+AU32))",判断顺序读是否更早达到outstanding saturation。,若linear较早饱和而random需要更多node，说明随机访问更依赖in-flight并行隐藏bank/timing等待。,TODO,P1，可跳过；纯读case：write latency列留空是正常的
OneFactor_LinkNode_Control,L09,P1,link node sweep的linear control,Linear_R100,linear,1.0,batch_4state,42,10000,4,32,32,192,800,8,DEFAULT,3,128,,RTL写延迟=AW->B（沿用实际仿真现有口径）；MODEL写延迟=对应命令产生->write data完成写入（按模型完成事件定义）；RTL读延迟=AR->R（沿用实际仿真现有口径，Burst时first/last R按原仿真脚本定义保持不变）；MODEL读延迟=对应读命令产生->对应link node释放。,,,,,,,,,,,,,,,,,,,,,,,,,,,,,,,,,,,"=IF(OR(V33="""",AM33="""",V33=0),"""",ABS(AM33-V33)/V33*100)","=IF(OR(W33="""",AN33="""",W33=0),"""",ABS(AN33-W33)/W33*100)","=IF(OR(X33="""",AO33="""",X33=0),"""",ABS(AO33-X33)/X33*100)","=IF(OR(Y33="""",AP33="""",Y33=0),"""",ABS(AP33-Y33)/Y33*100)","=IF(OR(Z33="""",AQ33="""",Z33=0),"""",ABS(AQ33-Z33)/Z33*100)","=IF(OR(AA33="""",AR33="""",AA33=0),"""",ABS(AR33-AA33)/AA33*100)","=IF((AC33+AD33)=0,"""",AB33/(AC33+AD33))","=IF((AT33+AU33)=0,"""",AS33/(AT33+AU33))",判断顺序读是否更早达到outstanding saturation。,若linear较早饱和而random需要更多node，说明随机访问更依赖in-flight并行隐藏bank/timing等待。,TODO,P1，可跳过；纯读case：write latency列留空是正常的
OneFactor_LinkNode_Control,L10,P1,link node sweep的linear control,Linear_R100,linear,1.0,batch_4state,42,10000,4,32,32,256,800,8,DEFAULT,3,128,,RTL写延迟=AW->B（沿用实际仿真现有口径）；MODEL写延迟=对应命令产生->write data完成写入（按模型完成事件定义）；RTL读延迟=AR->R（沿用实际仿真现有口径，Burst时first/last R按原仿真脚本定义保持不变）；MODEL读延迟=对应读命令产生->对应link node释放。,,,,,,,,,,,,,,,,,,,,,,,,,,,,,,,,,,,"=IF(OR(V34="""",AM34="""",V34=0),"""",ABS(AM34-V34)/V34*100)","=IF(OR(W34="""",AN34="""",W34=0),"""",ABS(AN34-W34)/W34*100)","=IF(OR(X34="""",AO34="""",X34=0),"""",ABS(AO34-X34)/X34*100)","=IF(OR(Y34="""",AP34="""",Y34=0),"""",ABS(AP34-Y34)/Y34*100)","=IF(OR(Z34="""",AQ34="""",Z34=0),"""",ABS(AQ34-Z34)/Z34*100)","=IF(OR(AA34="""",AR34="""",AA34=0),"""",ABS(AR34-AA34)/AA34*100)","=IF((AC34+AD34)=0,"""",AB34/(AC34+AD34))","=IF((AT34+AU34)=0,"""",AS34/(AT34+AU34))",判断顺序读是否更早达到outstanding saturation。,若linear较早饱和而random需要更多node，说明随机访问更依赖in-flight并行隐藏bank/timing等待。,TODO,P1，可跳过；纯读case：write latency列留空是正常的
OneFactor_RWBatch,R01,P0,R/W batch timeout sweep,Random_RW50_Batch,random,0.5,batch_4state,42,10000,4,32,32,192,100,8,DEFAULT,3,128,,RTL写延迟=AW->B（沿用实际仿真现有口径）；MODEL写延迟=对应命令产生->write data完成写入（按模型完成事件定义）；RTL读延迟=AR->R（沿用实际仿真现有口径，Burst时first/last R按原仿真脚本定义保持不变）；MODEL读延迟=对应读命令产生->对应link node释放。,,,,,,,,,,,,,,,,,,,,,,,,,,,,,,,,,,,"=IF(OR(V35="""",AM35="""",V35=0),"""",ABS(AM35-V35)/V35*100)","=IF(OR(W35="""",AN35="""",W35=0),"""",ABS(AN35-W35)/W35*100)","=IF(OR(X35="""",AO35="""",X35=0),"""",ABS(AO35-X35)/X35*100)","=IF(OR(Y35="""",AP35="""",Y35=0),"""",ABS(AP35-Y35)/Y35*100)","=IF(OR(Z35="""",AQ35="""",Z35=0),"""",ABS(AQ35-Z35)/Z35*100)","=IF(OR(AA35="""",AR35="""",AA35=0),"""",ABS(AR35-AA35)/AA35*100)","=IF((AC35+AD35)=0,"""",AB35/(AC35+AD35))","=IF((AT35+AU35)=0,"""",AS35/(AT35+AU35))",量化读写batch长度与turnaround开销、反向等待/尾延迟之间的tradeoff。,timeout过小若switch count高且BW低，说明切换过频；timeout增大后BW上升但P99恶化，则体现throughput-vs-tail-latency tradeoff；出现平台点后继续增大timeout没有带宽价值。,TODO,只在50/50混合负载下评估；记录RW switch count和P99
OneFactor_RWBatch,R02,P0,R/W batch timeout sweep,Random_RW50_Batch,random,0.5,batch_4state,42,10000,4,32,32,192,200,8,DEFAULT,3,128,,RTL写延迟=AW->B（沿用实际仿真现有口径）；MODEL写延迟=对应命令产生->write data完成写入（按模型完成事件定义）；RTL读延迟=AR->R（沿用实际仿真现有口径，Burst时first/last R按原仿真脚本定义保持不变）；MODEL读延迟=对应读命令产生->对应link node释放。,,,,,,,,,,,,,,,,,,,,,,,,,,,,,,,,,,,"=IF(OR(V36="""",AM36="""",V36=0),"""",ABS(AM36-V36)/V36*100)","=IF(OR(W36="""",AN36="""",W36=0),"""",ABS(AN36-W36)/W36*100)","=IF(OR(X36="""",AO36="""",X36=0),"""",ABS(AO36-X36)/X36*100)","=IF(OR(Y36="""",AP36="""",Y36=0),"""",ABS(AP36-Y36)/Y36*100)","=IF(OR(Z36="""",AQ36="""",Z36=0),"""",ABS(AQ36-Z36)/Z36*100)","=IF(OR(AA36="""",AR36="""",AA36=0),"""",ABS(AR36-AA36)/AA36*100)","=IF((AC36+AD36)=0,"""",AB36/(AC36+AD36))","=IF((AT36+AU36)=0,"""",AS36/(AT36+AU36))",量化读写batch长度与turnaround开销、反向等待/尾延迟之间的tradeoff。,timeout过小若switch count高且BW低，说明切换过频；timeout增大后BW上升但P99恶化，则体现throughput-vs-tail-latency tradeoff；出现平台点后继续增大timeout没有带宽价值。,TODO,只在50/50混合负载下评估；记录RW switch count和P99
OneFactor_RWBatch,R03,P0,R/W batch timeout sweep,Random_RW50_Batch,random,0.5,batch_4state,42,10000,4,32,32,192,400,8,DEFAULT,3,128,,RTL写延迟=AW->B（沿用实际仿真现有口径）；MODEL写延迟=对应命令产生->write data完成写入（按模型完成事件定义）；RTL读延迟=AR->R（沿用实际仿真现有口径，Burst时first/last R按原仿真脚本定义保持不变）；MODEL读延迟=对应读命令产生->对应link node释放。,,,,,,,,,,,,,,,,,,,,,,,,,,,,,,,,,,,"=IF(OR(V37="""",AM37="""",V37=0),"""",ABS(AM37-V37)/V37*100)","=IF(OR(W37="""",AN37="""",W37=0),"""",ABS(AN37-W37)/W37*100)","=IF(OR(X37="""",AO37="""",X37=0),"""",ABS(AO37-X37)/X37*100)","=IF(OR(Y37="""",AP37="""",Y37=0),"""",ABS(AP37-Y37)/Y37*100)","=IF(OR(Z37="""",AQ37="""",Z37=0),"""",ABS(AQ37-Z37)/Z37*100)","=IF(OR(AA37="""",AR37="""",AA37=0),"""",ABS(AR37-AA37)/AA37*100)","=IF((AC37+AD37)=0,"""",AB37/(AC37+AD37))","=IF((AT37+AU37)=0,"""",AS37/(AT37+AU37))",量化读写batch长度与turnaround开销、反向等待/尾延迟之间的tradeoff。,timeout过小若switch count高且BW低，说明切换过频；timeout增大后BW上升但P99恶化，则体现throughput-vs-tail-latency tradeoff；出现平台点后继续增大timeout没有带宽价值。,TODO,只在50/50混合负载下评估；记录RW switch count和P99
OneFactor_RWBatch,R04,P0,R/W batch timeout sweep,Random_RW50_Batch,random,0.5,batch_4state,42,10000,4,32,32,192,800,8,DEFAULT,3,128,,RTL写延迟=AW->B（沿用实际仿真现有口径）；MODEL写延迟=对应命令产生->write data完成写入（按模型完成事件定义）；RTL读延迟=AR->R（沿用实际仿真现有口径，Burst时first/last R按原仿真脚本定义保持不变）；MODEL读延迟=对应读命令产生->对应link node释放。,,,,,,,,,,,,,,,,,,,,,,,,,,,,,,,,,,,"=IF(OR(V38="""",AM38="""",V38=0),"""",ABS(AM38-V38)/V38*100)","=IF(OR(W38="""",AN38="""",W38=0),"""",ABS(AN38-W38)/W38*100)","=IF(OR(X38="""",AO38="""",X38=0),"""",ABS(AO38-X38)/X38*100)","=IF(OR(Y38="""",AP38="""",Y38=0),"""",ABS(AP38-Y38)/Y38*100)","=IF(OR(Z38="""",AQ38="""",Z38=0),"""",ABS(AQ38-Z38)/Z38*100)","=IF(OR(AA38="""",AR38="""",AA38=0),"""",ABS(AR38-AA38)/AA38*100)","=IF((AC38+AD38)=0,"""",AB38/(AC38+AD38))","=IF((AT38+AU38)=0,"""",AS38/(AT38+AU38))",量化读写batch长度与turnaround开销、反向等待/尾延迟之间的tradeoff。,timeout过小若switch count高且BW低，说明切换过频；timeout增大后BW上升但P99恶化，则体现throughput-vs-tail-latency tradeoff；出现平台点后继续增大timeout没有带宽价值。,TODO,只在50/50混合负载下评估；记录RW switch count和P99
OneFactor_RWBatch,R05,P0,R/W batch timeout sweep,Random_RW50_Batch,random,0.5,batch_4state,42,10000,4,32,32,192,1600,8,DEFAULT,3,128,,RTL写延迟=AW->B（沿用实际仿真现有口径）；MODEL写延迟=对应命令产生->write data完成写入（按模型完成事件定义）；RTL读延迟=AR->R（沿用实际仿真现有口径，Burst时first/last R按原仿真脚本定义保持不变）；MODEL读延迟=对应读命令产生->对应link node释放。,,,,,,,,,,,,,,,,,,,,,,,,,,,,,,,,,,,"=IF(OR(V39="""",AM39="""",V39=0),"""",ABS(AM39-V39)/V39*100)","=IF(OR(W39="""",AN39="""",W39=0),"""",ABS(AN39-W39)/W39*100)","=IF(OR(X39="""",AO39="""",X39=0),"""",ABS(AO39-X39)/X39*100)","=IF(OR(Y39="""",AP39="""",Y39=0),"""",ABS(AP39-Y39)/Y39*100)","=IF(OR(Z39="""",AQ39="""",Z39=0),"""",ABS(AQ39-Z39)/Z39*100)","=IF(OR(AA39="""",AR39="""",AA39=0),"""",ABS(AR39-AA39)/AA39*100)","=IF((AC39+AD39)=0,"""",AB39/(AC39+AD39))","=IF((AT39+AU39)=0,"""",AS39/(AT39+AU39))",量化读写batch长度与turnaround开销、反向等待/尾延迟之间的tradeoff。,timeout过小若switch count高且BW低，说明切换过频；timeout增大后BW上升但P99恶化，则体现throughput-vs-tail-latency tradeoff；出现平台点后继续增大timeout没有带宽价值。,TODO,只在50/50混合负载下评估；记录RW switch count和P99
OneFactor_Refresh,F01,P0,refresh mandatory threshold sweep,Random_R100,random,1.0,batch_4state,42,10000,4,32,32,192,800,2,DEFAULT,3,128,,RTL写延迟=AW->B（沿用实际仿真现有口径）；MODEL写延迟=对应命令产生->write data完成写入（按模型完成事件定义）；RTL读延迟=AR->R（沿用实际仿真现有口径，Burst时first/last R按原仿真脚本定义保持不变）；MODEL读延迟=对应读命令产生->对应link node释放。,,,,,,,,,,,,,,,,,,,,,,,,,,,,,,,,,,,"=IF(OR(V40="""",AM40="""",V40=0),"""",ABS(AM40-V40)/V40*100)","=IF(OR(W40="""",AN40="""",W40=0),"""",ABS(AN40-W40)/W40*100)","=IF(OR(X40="""",AO40="""",X40=0),"""",ABS(AO40-X40)/X40*100)","=IF(OR(Y40="""",AP40="""",Y40=0),"""",ABS(AP40-Y40)/Y40*100)","=IF(OR(Z40="""",AQ40="""",Z40=0),"""",ABS(AQ40-Z40)/Z40*100)","=IF(OR(AA40="""",AR40="""",AA40=0),"""",ABS(AR40-AA40)/AA40*100)","=IF((AC40+AD40)=0,"""",AB40/(AC40+AD40))","=IF((AT40+AU40)=0,"""",AS40/(AT40+AU40))",量化refresh postpone/mandatory触发阈值对平均带宽与refresh burstiness/tail stall的影响。,较大阈值若提高平均BW但增加critical/集中refresh或P99，则说明postpone在用平均干扰换尾部stall；若变化很小，当前workload/仿真窗口下refresh不是主瓶颈。,TODO,仿真窗口必须足够长到覆盖多轮refresh；否则结论无效；纯读case：write latency列留空是正常的
OneFactor_Refresh,F02,P0,refresh mandatory threshold sweep,Random_R100,random,1.0,batch_4state,42,10000,4,32,32,192,800,4,DEFAULT,3,128,,RTL写延迟=AW->B（沿用实际仿真现有口径）；MODEL写延迟=对应命令产生->write data完成写入（按模型完成事件定义）；RTL读延迟=AR->R（沿用实际仿真现有口径，Burst时first/last R按原仿真脚本定义保持不变）；MODEL读延迟=对应读命令产生->对应link node释放。,,,,,,,,,,,,,,,,,,,,,,,,,,,,,,,,,,,"=IF(OR(V41="""",AM41="""",V41=0),"""",ABS(AM41-V41)/V41*100)","=IF(OR(W41="""",AN41="""",W41=0),"""",ABS(AN41-W41)/W41*100)","=IF(OR(X41="""",AO41="""",X41=0),"""",ABS(AO41-X41)/X41*100)","=IF(OR(Y41="""",AP41="""",Y41=0),"""",ABS(AP41-Y41)/Y41*100)","=IF(OR(Z41="""",AQ41="""",Z41=0),"""",ABS(AQ41-Z41)/Z41*100)","=IF(OR(AA41="""",AR41="""",AA41=0),"""",ABS(AR41-AA41)/AA41*100)","=IF((AC41+AD41)=0,"""",AB41/(AC41+AD41))","=IF((AT41+AU41)=0,"""",AS41/(AT41+AU41))",量化refresh postpone/mandatory触发阈值对平均带宽与refresh burstiness/tail stall的影响。,较大阈值若提高平均BW但增加critical/集中refresh或P99，则说明postpone在用平均干扰换尾部stall；若变化很小，当前workload/仿真窗口下refresh不是主瓶颈。,TODO,仿真窗口必须足够长到覆盖多轮refresh；否则结论无效；纯读case：write latency列留空是正常的
OneFactor_Refresh,F03,P0,refresh mandatory threshold sweep,Random_R100,random,1.0,batch_4state,42,10000,4,32,32,192,800,8,DEFAULT,3,128,,RTL写延迟=AW->B（沿用实际仿真现有口径）；MODEL写延迟=对应命令产生->write data完成写入（按模型完成事件定义）；RTL读延迟=AR->R（沿用实际仿真现有口径，Burst时first/last R按原仿真脚本定义保持不变）；MODEL读延迟=对应读命令产生->对应link node释放。,,,,,,,,,,,,,,,,,,,,,,,,,,,,,,,,,,,"=IF(OR(V42="""",AM42="""",V42=0),"""",ABS(AM42-V42)/V42*100)","=IF(OR(W42="""",AN42="""",W42=0),"""",ABS(AN42-W42)/W42*100)","=IF(OR(X42="""",AO42="""",X42=0),"""",ABS(AO42-X42)/X42*100)","=IF(OR(Y42="""",AP42="""",Y42=0),"""",ABS(AP42-Y42)/Y42*100)","=IF(OR(Z42="""",AQ42="""",Z42=0),"""",ABS(AQ42-Z42)/Z42*100)","=IF(OR(AA42="""",AR42="""",AA42=0),"""",ABS(AR42-AA42)/AA42*100)","=IF((AC42+AD42)=0,"""",AB42/(AC42+AD42))","=IF((AT42+AU42)=0,"""",AS42/(AT42+AU42))",量化refresh postpone/mandatory触发阈值对平均带宽与refresh burstiness/tail stall的影响。,较大阈值若提高平均BW但增加critical/集中refresh或P99，则说明postpone在用平均干扰换尾部stall；若变化很小，当前workload/仿真窗口下refresh不是主瓶颈。,TODO,仿真窗口必须足够长到覆盖多轮refresh；否则结论无效；纯读case：write latency列留空是正常的
OneFactor_Refresh,F04,P0,refresh mandatory threshold sweep,Random_R100,random,1.0,batch_4state,42,10000,4,32,32,192,800,16,DEFAULT,3,128,,RTL写延迟=AW->B（沿用实际仿真现有口径）；MODEL写延迟=对应命令产生->write data完成写入（按模型完成事件定义）；RTL读延迟=AR->R（沿用实际仿真现有口径，Burst时first/last R按原仿真脚本定义保持不变）；MODEL读延迟=对应读命令产生->对应link node释放。,,,,,,,,,,,,,,,,,,,,,,,,,,,,,,,,,,,"=IF(OR(V43="""",AM43="""",V43=0),"""",ABS(AM43-V43)/V43*100)","=IF(OR(W43="""",AN43="""",W43=0),"""",ABS(AN43-W43)/W43*100)","=IF(OR(X43="""",AO43="""",X43=0),"""",ABS(AO43-X43)/X43*100)","=IF(OR(Y43="""",AP43="""",Y43=0),"""",ABS(AP43-Y43)/Y43*100)","=IF(OR(Z43="""",AQ43="""",Z43=0),"""",ABS(AQ43-Z43)/Z43*100)","=IF(OR(AA43="""",AR43="""",AA43=0),"""",ABS(AR43-AA43)/AA43*100)","=IF((AC43+AD43)=0,"""",AB43/(AC43+AD43))","=IF((AT43+AU43)=0,"""",AS43/(AT43+AU43))",量化refresh postpone/mandatory触发阈值对平均带宽与refresh burstiness/tail stall的影响。,较大阈值若提高平均BW但增加critical/集中refresh或P99，则说明postpone在用平均干扰换尾部stall；若变化很小，当前workload/仿真窗口下refresh不是主瓶颈。,TODO,仿真窗口必须足够长到覆盖多轮refresh；否则结论无效；纯读case：write latency列留空是正常的
OneFactor_Mapping,M01,P0,address mapping sweep,Linear_R100,linear,1.0,batch_4state,42,10000,4,32,32,192,800,8,DEFAULT,3,128,,RTL写延迟=AW->B（沿用实际仿真现有口径）；MODEL写延迟=对应命令产生->write data完成写入（按模型完成事件定义）；RTL读延迟=AR->R（沿用实际仿真现有口径，Burst时first/last R按原仿真脚本定义保持不变）；MODEL读延迟=对应读命令产生->对应link node释放。,,,,,,,,,,,,,,,,,,,,,,,,,,,,,,,,,,,"=IF(OR(V44="""",AM44="""",V44=0),"""",ABS(AM44-V44)/V44*100)","=IF(OR(W44="""",AN44="""",W44=0),"""",ABS(AN44-W44)/W44*100)","=IF(OR(X44="""",AO44="""",X44=0),"""",ABS(AO44-X44)/X44*100)","=IF(OR(Y44="""",AP44="""",Y44=0),"""",ABS(AP44-Y44)/Y44*100)","=IF(OR(Z44="""",AQ44="""",Z44=0),"""",ABS(AQ44-Z44)/Z44*100)","=IF(OR(AA44="""",AR44="""",AA44=0),"""",ABS(AR44-AA44)/AA44*100)","=IF((AC44+AD44)=0,"""",AB44/(AC44+AD44))","=IF((AT44+AU44)=0,"""",AS44/(AT44+AU44))",判断地址映射是在买row locality还是bank/BG并行，并验证mapping是否与线性traffic几何匹配。,若bank-interleave mapping提高bank并行但ACT/col恶化，需要看BW净收益；若row-local mapping降低ACT/col但BW下降，说明牺牲了BLP；最佳方案应同时看BW、ACT/col和bank分布。,TODO,后两个mapping_id为占位符，请替换成RTL/model中真实可配置的mapping定义；纯读case：write latency列留空是正常的
OneFactor_Mapping,M02,P0,address mapping sweep,Linear_R100,linear,1.0,batch_4state,42,10000,4,32,32,192,800,8,MAP_BANK_INTERLEAVE,3,128,,RTL写延迟=AW->B（沿用实际仿真现有口径）；MODEL写延迟=对应命令产生->write data完成写入（按模型完成事件定义）；RTL读延迟=AR->R（沿用实际仿真现有口径，Burst时first/last R按原仿真脚本定义保持不变）；MODEL读延迟=对应读命令产生->对应link node释放。,,,,,,,,,,,,,,,,,,,,,,,,,,,,,,,,,,,"=IF(OR(V45="""",AM45="""",V45=0),"""",ABS(AM45-V45)/V45*100)","=IF(OR(W45="""",AN45="""",W45=0),"""",ABS(AN45-W45)/W45*100)","=IF(OR(X45="""",AO45="""",X45=0),"""",ABS(AO45-X45)/X45*100)","=IF(OR(Y45="""",AP45="""",Y45=0),"""",ABS(AP45-Y45)/Y45*100)","=IF(OR(Z45="""",AQ45="""",Z45=0),"""",ABS(AQ45-Z45)/Z45*100)","=IF(OR(AA45="""",AR45="""",AA45=0),"""",ABS(AR45-AA45)/AA45*100)","=IF((AC45+AD45)=0,"""",AB45/(AC45+AD45))","=IF((AT45+AU45)=0,"""",AS45/(AT45+AU45))",判断地址映射是在买row locality还是bank/BG并行，并验证mapping是否与线性traffic几何匹配。,若bank-interleave mapping提高bank并行但ACT/col恶化，需要看BW净收益；若row-local mapping降低ACT/col但BW下降，说明牺牲了BLP；最佳方案应同时看BW、ACT/col和bank分布。,TODO,后两个mapping_id为占位符，请替换成RTL/model中真实可配置的mapping定义；纯读case：write latency列留空是正常的
OneFactor_Mapping,M03,P0,address mapping sweep,Linear_R100,linear,1.0,batch_4state,42,10000,4,32,32,192,800,8,MAP_ROW_LOCAL,3,128,,RTL写延迟=AW->B（沿用实际仿真现有口径）；MODEL写延迟=对应命令产生->write data完成写入（按模型完成事件定义）；RTL读延迟=AR->R（沿用实际仿真现有口径，Burst时first/last R按原仿真脚本定义保持不变）；MODEL读延迟=对应读命令产生->对应link node释放。,,,,,,,,,,,,,,,,,,,,,,,,,,,,,,,,,,,"=IF(OR(V46="""",AM46="""",V46=0),"""",ABS(AM46-V46)/V46*100)","=IF(OR(W46="""",AN46="""",W46=0),"""",ABS(AN46-W46)/W46*100)","=IF(OR(X46="""",AO46="""",X46=0),"""",ABS(AO46-X46)/X46*100)","=IF(OR(Y46="""",AP46="""",Y46=0),"""",ABS(AP46-Y46)/Y46*100)","=IF(OR(Z46="""",AQ46="""",Z46=0),"""",ABS(AQ46-Z46)/Z46*100)","=IF(OR(AA46="""",AR46="""",AA46=0),"""",ABS(AR46-AA46)/AA46*100)","=IF((AC46+AD46)=0,"""",AB46/(AC46+AD46))","=IF((AT46+AU46)=0,"""",AS46/(AT46+AU46))",判断地址映射是在买row locality还是bank/BG并行，并验证mapping是否与线性traffic几何匹配。,若bank-interleave mapping提高bank并行但ACT/col恶化，需要看BW净收益；若row-local mapping降低ACT/col但BW下降，说明牺牲了BLP；最佳方案应同时看BW、ACT/col和bank分布。,TODO,后两个mapping_id为占位符，请替换成RTL/model中真实可配置的mapping定义；纯读case：write latency列留空是正常的
Interaction_CAMxLink,I01,P0,2x2 CAM × link-node,Random_R100,random,1.0,batch_4state,42,10000,4,32,32,96,800,8,DEFAULT,3,128,CAM_depth × link_node_count,RTL写延迟=AW->B（沿用实际仿真现有口径）；MODEL写延迟=对应命令产生->write data完成写入（按模型完成事件定义）；RTL读延迟=AR->R（沿用实际仿真现有口径，Burst时first/last R按原仿真脚本定义保持不变）；MODEL读延迟=对应读命令产生->对应link node释放。,,,,,,,,,,,,,,,,,,,,,,,,,,,,,,,,,,,"=IF(OR(V47="""",AM47="""",V47=0),"""",ABS(AM47-V47)/V47*100)","=IF(OR(W47="""",AN47="""",W47=0),"""",ABS(AN47-W47)/W47*100)","=IF(OR(X47="""",AO47="""",X47=0),"""",ABS(AO47-X47)/X47*100)","=IF(OR(Y47="""",AP47="""",Y47=0),"""",ABS(AP47-Y47)/Y47*100)","=IF(OR(Z47="""",AQ47="""",Z47=0),"""",ABS(AQ47-Z47)/Z47*100)","=IF(OR(AA47="""",AR47="""",AA47=0),"""",ABS(AR47-AA47)/AA47*100)","=IF((AC47+AD47)=0,"""",AB47/(AC47+AD47))","=IF((AT47+AU47)=0,"""",AS47/(AT47+AU47))",验证CAM visibility与上游/in-flight outstanding是否存在互相限制：单独加深其中一个是否会被另一个卡住。,若只有CAM和link nodes同时高时BW才显著提升，说明两级资源是串联系统瓶颈；若只改其中一个即可饱和，则另一个不是当前限制因素。,TODO,2x2 interaction；用于识别resource bottleneck shift；纯读case：write latency列留空是正常的
Interaction_CAMxLink,I02,P0,2x2 CAM × link-node,Random_R100,random,1.0,batch_4state,42,10000,4,32,32,192,800,8,DEFAULT,3,128,CAM_depth × link_node_count,RTL写延迟=AW->B（沿用实际仿真现有口径）；MODEL写延迟=对应命令产生->write data完成写入（按模型完成事件定义）；RTL读延迟=AR->R（沿用实际仿真现有口径，Burst时first/last R按原仿真脚本定义保持不变）；MODEL读延迟=对应读命令产生->对应link node释放。,,,,,,,,,,,,,,,,,,,,,,,,,,,,,,,,,,,"=IF(OR(V48="""",AM48="""",V48=0),"""",ABS(AM48-V48)/V48*100)","=IF(OR(W48="""",AN48="""",W48=0),"""",ABS(AN48-W48)/W48*100)","=IF(OR(X48="""",AO48="""",X48=0),"""",ABS(AO48-X48)/X48*100)","=IF(OR(Y48="""",AP48="""",Y48=0),"""",ABS(AP48-Y48)/Y48*100)","=IF(OR(Z48="""",AQ48="""",Z48=0),"""",ABS(AQ48-Z48)/Z48*100)","=IF(OR(AA48="""",AR48="""",AA48=0),"""",ABS(AR48-AA48)/AA48*100)","=IF((AC48+AD48)=0,"""",AB48/(AC48+AD48))","=IF((AT48+AU48)=0,"""",AS48/(AT48+AU48))",验证CAM visibility与上游/in-flight outstanding是否存在互相限制：单独加深其中一个是否会被另一个卡住。,若只有CAM和link nodes同时高时BW才显著提升，说明两级资源是串联系统瓶颈；若只改其中一个即可饱和，则另一个不是当前限制因素。,TODO,2x2 interaction；用于识别resource bottleneck shift；纯读case：write latency列留空是正常的
Interaction_CAMxLink,I03,P0,2x2 CAM × link-node,Random_R100,random,1.0,batch_4state,42,10000,4,96,96,96,800,8,DEFAULT,3,128,CAM_depth × link_node_count,RTL写延迟=AW->B（沿用实际仿真现有口径）；MODEL写延迟=对应命令产生->write data完成写入（按模型完成事件定义）；RTL读延迟=AR->R（沿用实际仿真现有口径，Burst时first/last R按原仿真脚本定义保持不变）；MODEL读延迟=对应读命令产生->对应link node释放。,,,,,,,,,,,,,,,,,,,,,,,,,,,,,,,,,,,"=IF(OR(V49="""",AM49="""",V49=0),"""",ABS(AM49-V49)/V49*100)","=IF(OR(W49="""",AN49="""",W49=0),"""",ABS(AN49-W49)/W49*100)","=IF(OR(X49="""",AO49="""",X49=0),"""",ABS(AO49-X49)/X49*100)","=IF(OR(Y49="""",AP49="""",Y49=0),"""",ABS(AP49-Y49)/Y49*100)","=IF(OR(Z49="""",AQ49="""",Z49=0),"""",ABS(AQ49-Z49)/Z49*100)","=IF(OR(AA49="""",AR49="""",AA49=0),"""",ABS(AR49-AA49)/AA49*100)","=IF((AC49+AD49)=0,"""",AB49/(AC49+AD49))","=IF((AT49+AU49)=0,"""",AS49/(AT49+AU49))",验证CAM visibility与上游/in-flight outstanding是否存在互相限制：单独加深其中一个是否会被另一个卡住。,若只有CAM和link nodes同时高时BW才显著提升，说明两级资源是串联系统瓶颈；若只改其中一个即可饱和，则另一个不是当前限制因素。,TODO,2x2 interaction；用于识别resource bottleneck shift；纯读case：write latency列留空是正常的
Interaction_CAMxLink,I04,P0,2x2 CAM × link-node,Random_R100,random,1.0,batch_4state,42,10000,4,96,96,192,800,8,DEFAULT,3,128,CAM_depth × link_node_count,RTL写延迟=AW->B（沿用实际仿真现有口径）；MODEL写延迟=对应命令产生->write data完成写入（按模型完成事件定义）；RTL读延迟=AR->R（沿用实际仿真现有口径，Burst时first/last R按原仿真脚本定义保持不变）；MODEL读延迟=对应读命令产生->对应link node释放。,,,,,,,,,,,,,,,,,,,,,,,,,,,,,,,,,,,"=IF(OR(V50="""",AM50="""",V50=0),"""",ABS(AM50-V50)/V50*100)","=IF(OR(W50="""",AN50="""",W50=0),"""",ABS(AN50-W50)/W50*100)","=IF(OR(X50="""",AO50="""",X50=0),"""",ABS(AO50-X50)/X50*100)","=IF(OR(Y50="""",AP50="""",Y50=0),"""",ABS(AP50-Y50)/Y50*100)","=IF(OR(Z50="""",AQ50="""",Z50=0),"""",ABS(AQ50-Z50)/Z50*100)","=IF(OR(AA50="""",AR50="""",AA50=0),"""",ABS(AR50-AA50)/AA50*100)","=IF((AC50+AD50)=0,"""",AB50/(AC50+AD50))","=IF((AT50+AU50)=0,"""",AS50/(AT50+AU50))",验证CAM visibility与上游/in-flight outstanding是否存在互相限制：单独加深其中一个是否会被另一个卡住。,若只有CAM和link nodes同时高时BW才显著提升，说明两级资源是串联系统瓶颈；若只改其中一个即可饱和，则另一个不是当前限制因素。,TODO,2x2 interaction；用于识别resource bottleneck shift；纯读case：write latency列留空是正常的
Interaction_CAMxRW,I05,P0,2x2 CAM × batch-timeout,Random_RW50_Batch,random,0.5,batch_4state,42,10000,4,32,32,192,200,8,DEFAULT,3,128,CAM_depth × batch_timeout_cycles,RTL写延迟=AW->B（沿用实际仿真现有口径）；MODEL写延迟=对应命令产生->write data完成写入（按模型完成事件定义）；RTL读延迟=AR->R（沿用实际仿真现有口径，Burst时first/last R按原仿真脚本定义保持不变）；MODEL读延迟=对应读命令产生->对应link node释放。,,,,,,,,,,,,,,,,,,,,,,,,,,,,,,,,,,,"=IF(OR(V51="""",AM51="""",V51=0),"""",ABS(AM51-V51)/V51*100)","=IF(OR(W51="""",AN51="""",W51=0),"""",ABS(AN51-W51)/W51*100)","=IF(OR(X51="""",AO51="""",X51=0),"""",ABS(AO51-X51)/X51*100)","=IF(OR(Y51="""",AP51="""",Y51=0),"""",ABS(AP51-Y51)/Y51*100)","=IF(OR(Z51="""",AQ51="""",Z51=0),"""",ABS(AQ51-Z51)/Z51*100)","=IF(OR(AA51="""",AR51="""",AA51=0),"""",ABS(AR51-AA51)/AA51*100)","=IF((AC51+AD51)=0,"""",AB51/(AC51+AD51))","=IF((AT51+AU51)=0,"""",AS51/(AT51+AU51))",验证deeper visibility与R/W batching是否互相增强：更多候选是否让切态前后的准备/排空更高效。,若deeper CAM在长batch下收益明显而短batch下不明显，说明visibility收益被频繁turnaround吞掉；若两者近似独立，则可分别调优。,TODO,2x2 interaction；重点看efficiency、switch count、P99
Interaction_CAMxRW,I06,P0,2x2 CAM × batch-timeout,Random_RW50_Batch,random,0.5,batch_4state,42,10000,4,32,32,192,800,8,DEFAULT,3,128,CAM_depth × batch_timeout_cycles,RTL写延迟=AW->B（沿用实际仿真现有口径）；MODEL写延迟=对应命令产生->write data完成写入（按模型完成事件定义）；RTL读延迟=AR->R（沿用实际仿真现有口径，Burst时first/last R按原仿真脚本定义保持不变）；MODEL读延迟=对应读命令产生->对应link node释放。,,,,,,,,,,,,,,,,,,,,,,,,,,,,,,,,,,,"=IF(OR(V52="""",AM52="""",V52=0),"""",ABS(AM52-V52)/V52*100)","=IF(OR(W52="""",AN52="""",W52=0),"""",ABS(AN52-W52)/W52*100)","=IF(OR(X52="""",AO52="""",X52=0),"""",ABS(AO52-X52)/X52*100)","=IF(OR(Y52="""",AP52="""",Y52=0),"""",ABS(AP52-Y52)/Y52*100)","=IF(OR(Z52="""",AQ52="""",Z52=0),"""",ABS(AQ52-Z52)/Z52*100)","=IF(OR(AA52="""",AR52="""",AA52=0),"""",ABS(AR52-AA52)/AA52*100)","=IF((AC52+AD52)=0,"""",AB52/(AC52+AD52))","=IF((AT52+AU52)=0,"""",AS52/(AT52+AU52))",验证deeper visibility与R/W batching是否互相增强：更多候选是否让切态前后的准备/排空更高效。,若deeper CAM在长batch下收益明显而短batch下不明显，说明visibility收益被频繁turnaround吞掉；若两者近似独立，则可分别调优。,TODO,2x2 interaction；重点看efficiency、switch count、P99
Interaction_CAMxRW,I07,P0,2x2 CAM × batch-timeout,Random_RW50_Batch,random,0.5,batch_4state,42,10000,4,96,96,192,200,8,DEFAULT,3,128,CAM_depth × batch_timeout_cycles,RTL写延迟=AW->B（沿用实际仿真现有口径）；MODEL写延迟=对应命令产生->write data完成写入（按模型完成事件定义）；RTL读延迟=AR->R（沿用实际仿真现有口径，Burst时first/last R按原仿真脚本定义保持不变）；MODEL读延迟=对应读命令产生->对应link node释放。,,,,,,,,,,,,,,,,,,,,,,,,,,,,,,,,,,,"=IF(OR(V53="""",AM53="""",V53=0),"""",ABS(AM53-V53)/V53*100)","=IF(OR(W53="""",AN53="""",W53=0),"""",ABS(AN53-W53)/W53*100)","=IF(OR(X53="""",AO53="""",X53=0),"""",ABS(AO53-X53)/X53*100)","=IF(OR(Y53="""",AP53="""",Y53=0),"""",ABS(AP53-Y53)/Y53*100)","=IF(OR(Z53="""",AQ53="""",Z53=0),"""",ABS(AQ53-Z53)/Z53*100)","=IF(OR(AA53="""",AR53="""",AA53=0),"""",ABS(AR53-AA53)/AA53*100)","=IF((AC53+AD53)=0,"""",AB53/(AC53+AD53))","=IF((AT53+AU53)=0,"""",AS53/(AT53+AU53))",验证deeper visibility与R/W batching是否互相增强：更多候选是否让切态前后的准备/排空更高效。,若deeper CAM在长batch下收益明显而短batch下不明显，说明visibility收益被频繁turnaround吞掉；若两者近似独立，则可分别调优。,TODO,2x2 interaction；重点看efficiency、switch count、P99
Interaction_CAMxRW,I08,P0,2x2 CAM × batch-timeout,Random_RW50_Batch,random,0.5,batch_4state,42,10000,4,96,96,192,800,8,DEFAULT,3,128,CAM_depth × batch_timeout_cycles,RTL写延迟=AW->B（沿用实际仿真现有口径）；MODEL写延迟=对应命令产生->write data完成写入（按模型完成事件定义）；RTL读延迟=AR->R（沿用实际仿真现有口径，Burst时first/last R按原仿真脚本定义保持不变）；MODEL读延迟=对应读命令产生->对应link node释放。,,,,,,,,,,,,,,,,,,,,,,,,,,,,,,,,,,,"=IF(OR(V54="""",AM54="""",V54=0),"""",ABS(AM54-V54)/V54*100)","=IF(OR(W54="""",AN54="""",W54=0),"""",ABS(AN54-W54)/W54*100)","=IF(OR(X54="""",AO54="""",X54=0),"""",ABS(AO54-X54)/X54*100)","=IF(OR(Y54="""",AP54="""",Y54=0),"""",ABS(AP54-Y54)/Y54*100)","=IF(OR(Z54="""",AQ54="""",Z54=0),"""",ABS(AQ54-Z54)/Z54*100)","=IF(OR(AA54="""",AR54="""",AA54=0),"""",ABS(AR54-AA54)/AA54*100)","=IF((AC54+AD54)=0,"""",AB54/(AC54+AD54))","=IF((AT54+AU54)=0,"""",AS54/(AT54+AU54))",验证deeper visibility与R/W batching是否互相增强：更多候选是否让切态前后的准备/排空更高效。,若deeper CAM在长batch下收益明显而短batch下不明显，说明visibility收益被频繁turnaround吞掉；若两者近似独立，则可分别调优。,TODO,2x2 interaction；重点看efficiency、switch count、P99
